ID,First Name,Last Name,Email,Date of Birth,DateTime Added
1,Sonia,Hackett,kutch.urban@example.net,1984-04-27,1974-08-19 03:57:13
2,Loy,Schowalter,pattie.pfannerstill@example.com,1982-11-18,1985-11-28 16:05:05
3,Karen,Wyman,adaline.metz@example.org,2004-10-14,1993-12-17 12:00:42
4,Torrance,Schmitt,stracke.amparo@example.net,1990-05-02,1979-12-21 09:25:26
5,Collin,Zemlak,verona.lind@example.net,1984-06-04,1985-04-04 11:09:29
6,Bell,Boyle,walter.hills@example.net,2015-09-19,1982-12-03 09:10:36
7,Cesar,Witting,senger.clementine@example.net,2001-11-26,1979-06-22 18:38:23
8,Antonia,Wiza,pconsidine@example.org,1987-01-19,1986-06-22 09:00:38
9,Nigel,Kunde,bianka13@example.org,2017-01-07,1995-07-27 18:13:06
10,Elnora,Walker,timmothy62@example.net,2018-01-27,2019-07-04 22:34:44
11,Edmond,Schmeler,sadye53@example.net,2011-04-21,1970-11-04 06:00:00
12,Roger,Legros,goldner.emilia@example.net,2005-12-22,1973-04-30 19:50:28
13,Madison,Kerluke,beahan.neal@example.com,1988-12-31,1976-03-15 00:40:58
14,Elaina,Stiedemann,huel.lula@example.org,1988-12-07,1976-02-14 15:31:16
15,Alexandria,Gaylord,yundt.alysa@example.net,1999-10-05,2009-08-13 05:10:53
16,Maryam,Stokes,uvon@example.net,1980-11-01,1975-01-22 14:01:14
17,Enrico,Goyette,ephraim02@example.com,1983-02-23,1991-07-22 01:47:14
18,Unique,Ortiz,elenor.hermiston@example.com,1999-07-15,1974-05-25 20:51:17
19,Brionna,Morissette,maximilian24@example.net,1977-03-22,1971-01-07 22:02:08
20,Sister,Oberbrunner,cbahringer@example.net,2008-01-07,2009-01-09 02:09:00
21,Johnpaul,Buckridge,paolo.watsica@example.net,2003-08-09,1991-11-20 00:40:34
22,Uriah,Bernier,cecelia95@example.com,2019-12-01,1978-11-26 10:20:20
23,Flossie,Dibbert,reggie31@example.com,1989-06-23,1981-09-24 09:20:43
24,Theresia,Greenfelder,rbradtke@example.org,1998-06-20,1989-01-28 07:55:31
25,Jaeden,Senger,brycen.parisian@example.net,1973-07-11,1994-11-05 17:54:41
26,Alize,Walter,mervin.bode@example.com,1991-06-05,1991-12-21 21:49:26
27,Rita,Lynch,djast@example.com,1989-12-30,2001-03-02 10:00:29
28,Milan,Daniel,xschamberger@example.net,1996-01-02,1997-12-08 15:09:27
29,Mariane,Barton,oboyle@example.com,1986-05-21,1977-04-01 18:56:56
30,Joany,Murray,zfeest@example.net,1986-05-16,1998-02-12 23:12:39
31,Daisy,Welch,jwillms@example.net,2009-04-07,1990-07-06 12:58:35
32,Freddy,Hagenes,sschulist@example.org,2011-06-27,2009-07-24 19:40:02
33,Nola,O'Connell,mclaughlin.alexis@example.com,1980-03-14,2006-09-25 01:36:08
34,Jeromy,Tremblay,lemke.dahlia@example.com,1984-12-27,1972-12-08 23:22:38
35,Anastasia,Lueilwitz,margarette.will@example.com,1973-02-11,2005-11-29 12:13:30
36,Axel,Gulgowski,brenda.huel@example.net,2020-10-01,1999-10-16 08:08:46
37,Shanny,Lind,jevon31@example.net,1972-09-28,2009-01-11 20:41:02
38,Stone,Prosacco,breana.gottlieb@example.com,1971-10-10,2002-10-26 03:35:17
39,Gudrun,Ortiz,beier.jason@example.org,2018-07-25,1981-05-29 23:39:07
40,Erna,Konopelski,volkman.johnathan@example.com,1988-04-27,1971-06-02 17:37:57
41,Brianne,Tromp,leila.sporer@example.com,1995-07-27,1985-10-05 12:44:35
42,Pascale,Kulas,declan81@example.org,1989-08-01,2006-04-10 22:56:06
43,Sammy,Douglas,cronin.leonardo@example.net,2007-11-20,1970-11-26 18:06:18
44,Van,King,cremin.izaiah@example.org,2015-12-25,1988-04-12 05:03:17
45,Cassidy,Brekke,bins.maximo@example.net,2004-08-18,1980-09-08 05:54:06
46,Royal,Sipes,verona.weimann@example.com,1981-08-27,1976-08-22 04:31:20
47,Dorian,Gaylord,mills.una@example.com,2002-11-29,1994-03-25 14:19:28
48,Giuseppe,Schulist,armstrong.adonis@example.net,1970-06-03,2005-11-27 13:45:53
49,Amiya,Berge,uwintheiser@example.com,2019-04-06,1983-01-26 20:46:38
50,Cale,Altenwerth,iaufderhar@example.net,2000-07-16,2020-03-06 10:21:03
51,Elenora,Bosco,wolf.alek@example.net,2000-10-06,1995-08-22 02:45:47
52,Alize,Stiedemann,sbode@example.org,1990-10-19,2006-10-11 15:51:30
53,Maiya,Hammes,anderson.jamison@example.com,2000-02-22,2004-05-27 18:40:06
54,Green,Rau,viola.green@example.com,1984-12-20,1977-02-11 03:14:33
55,Bobby,Cormier,cassin.conor@example.net,1971-05-13,2008-09-17 20:18:53
56,Jordane,Kuvalis,mcdermott.deonte@example.net,2017-12-03,1983-12-28 13:00:56
57,Thora,Gulgowski,nels.weimann@example.net,2006-08-27,1982-09-13 20:20:46
58,Harley,Barrows,lilian65@example.com,2006-02-04,1972-04-03 01:48:41
59,Noel,Morissette,frami.rodrick@example.com,2005-07-28,2011-06-14 03:44:59
60,Breanne,Zieme,emard.jacklyn@example.com,2020-01-30,2010-10-02 23:53:12
61,Donnie,McKenzie,kuvalis.vern@example.net,1977-10-20,2017-04-16 02:06:53
62,Khalid,Bins,angela.quigley@example.org,2007-02-21,1991-10-14 18:31:34
63,Charlene,Dicki,maggio.noemy@example.org,1995-04-21,1998-09-16 02:51:31
64,Stevie,Borer,daija46@example.com,1987-10-28,1992-06-08 12:23:06
65,Demetrius,Bauch,harvey.samson@example.org,2000-04-30,1986-02-22 10:54:17
66,Isadore,Hettinger,shanel.torp@example.com,1989-12-13,1983-06-15 16:40:05
67,Lori,Pagac,alene.rolfson@example.com,1979-03-03,2019-10-20 10:26:52
68,Alessandro,Armstrong,sherman82@example.com,2006-08-06,2017-11-21 21:24:59
69,Pansy,Champlin,kiehn.sonia@example.net,1977-04-30,2015-04-16 12:14:23
70,Kobe,Hudson,ahickle@example.org,2006-02-15,1996-04-25 11:20:39
71,Rosario,Gleichner,schumm.jaylan@example.com,2017-07-21,2000-09-09 18:44:29
72,Carlee,Murray,kitty.gerhold@example.net,1981-06-24,2014-04-20 14:51:27
73,Ryder,Klein,kayley.effertz@example.org,2018-04-04,2013-04-03 00:36:46
74,Joyce,Dickens,hartmann.charles@example.net,1993-06-24,1973-04-05 17:39:44
75,Ayla,Pacocha,albin.casper@example.org,1987-07-26,1989-07-23 15:04:07
76,Zack,Lowe,hortense99@example.net,1985-07-13,2007-01-27 14:24:57
77,Werner,Ritchie,raphaelle.grady@example.net,1993-08-20,1982-10-17 15:33:50
78,Myrl,Crona,hwill@example.com,2017-08-11,1973-07-22 18:26:53
79,Hugh,Mohr,ida.dare@example.com,2010-08-12,2005-01-18 05:54:26
80,Dulce,Kihn,nconsidine@example.org,2012-09-09,1972-08-14 00:00:34
81,Adonis,McClure,cory.douglas@example.org,2000-11-14,1974-04-28 06:53:15
82,Ardella,Batz,clemmie10@example.org,2006-07-14,1979-11-22 19:19:51
83,Jaron,Beer,xferry@example.com,1977-06-28,2000-07-09 20:17:41
84,Anthony,Crona,hills.kailyn@example.com,2020-09-04,1991-04-12 19:47:02
85,Mateo,Nicolas,elsie31@example.net,1998-11-25,1998-07-03 19:33:19
86,Milo,Schaden,thompson.alda@example.net,2012-10-16,2019-07-31 21:40:24
87,Adaline,McKenzie,alden67@example.org,1988-10-20,2011-06-23 06:31:51
88,Eloisa,Hansen,howe.ricardo@example.org,1973-06-04,2005-07-05 21:25:41
89,Elfrieda,Streich,samanta.o'keefe@example.com,1990-06-30,1985-12-15 00:03:08
90,Monica,Davis,torp.jordan@example.net,2016-08-13,1993-02-13 15:30:17
91,Jerod,Lemke,jayne.littel@example.net,1971-09-19,1996-07-24 23:48:20
92,Dejuan,Anderson,jesus26@example.com,1992-07-20,2014-05-25 13:30:41
93,Tatyana,Franecki,derick.hirthe@example.com,1984-12-31,2014-08-20 16:55:49
94,Antonietta,Prohaska,margaret56@example.net,1979-05-22,2002-02-27 00:24:44
95,Eunice,Kunde,owilkinson@example.com,1972-03-09,1984-01-27 00:18:51
96,Zetta,Fritsch,kutch.regan@example.net,2018-06-17,1971-07-27 12:21:47
97,Sim,Turner,ivy65@example.org,1982-10-26,1982-10-27 21:07:51
98,Layla,Gorczany,jcole@example.net,2005-01-11,2009-11-21 12:34:49
99,Gus,Mitchell,lparisian@example.net,1976-10-21,2013-03-11 21:49:02
100,Jacinthe,Gottlieb,ward.verla@example.org,2020-02-09,2018-06-08 14:33:09
